index,loss,correct,total_logprob,partial_credit
0,0.8517375588417053,1,-40.41878128051758,1.0
1,0.8254129886627197,1,-45.82699775695801,1.0
2,3.6280996799468994,0,-40.7727632522583,0.25
3,2.0766491889953613,0,-43.10503005981445,0.0
4,1.0183974504470825,1,-48.78963279724121,1.0
5,2.3024842739105225,0,-43.0475378036499,0.0
6,2.411806583404541,0,-42.42621421813965,0.0
7,1.16898512840271,1,-48.758198738098145,1.0
8,2.1257948875427246,0,-44.08333158493042,0.0
9,1.9106500148773193,0,-45.31612682342529,0.0
10,2.073303461074829,0,-41.60626792907715,0.0
11,0.8086816668510437,1,-41.51274061203003,1.0
12,1.2786844968795776,0,-54.01788330078125,0.75
13,1.2108820676803589,1,-45.5837926864624,1.0
14,1.2092636823654175,1,-73.1235408782959,1.0
15,1.0511584281921387,0,-16.011441707611084,0.0
16,0.34387296438217163,1,-16.517189502716064,1.0
17,1.3885074853897095,0,-15.700279712677002,0.0
18,0.2938365042209625,1,-17.440143585205078,1.0
19,1.5539236068725586,0,-17.503843307495117,0.0
20,0.332662969827652,1,-15.87661600112915,1.0
21,0.2671041190624237,1,-15.736352920532227,1.0
22,1.4716987609863281,0,-14.677486419677734,0.0
23,1.6097769737243652,0,-16.43634271621704,0.0
24,1.118381381034851,0,-14.99582290649414,0.0
25,0.3008694648742676,1,-19.63608169555664,1.0
26,0.42734065651893616,1,-15.747622013092041,1.0
27,3.4685773849487305,0,-26.876100540161133,0.0
28,3.4996843338012695,0,-32.85884094238281,0.0
29,0.44997110962867737,1,-29.317508697509766,1.0
30,3.748257637023926,0,-26.826268672943115,0.0
31,0.534263014793396,1,-25.77655792236328,1.0
32,3.887657642364502,0,-24.33026885986328,0.0
33,3.3533589839935303,0,-25.272138595581055,0.0
34,0.4637976884841919,1,-27.732803344726562,1.0
35,0.606090784072876,1,-27.380260467529297,1.0
36,0.5884231925010681,1,-27.665411472320557,1.0
37,0.5036752223968506,1,-28.543292999267578,1.0
38,0.7549728155136108,1,-32.19313144683838,1.0
39,0.7768728733062744,1,-27.537168502807617,1.0
40,0.5706833004951477,1,-31.72903823852539,1.0
41,0.8283699750900269,1,-27.178577423095703,1.0
42,0.7605913877487183,1,-29.39450454711914,1.0
43,0.44497719407081604,1,-37.83286666870117,1.0
44,0.5505834817886353,1,-31.04639434814453,1.0
45,0.31312471628189087,1,-29.47154998779297,1.0
46,0.6083446145057678,1,-29.29669427871704,1.0
47,0.45926979184150696,1,-29.291707515716553,1.0
48,0.4780610203742981,1,-30.52701187133789,1.0
49,0.6174205541610718,1,-31.099440574645996,1.0
50,0.581575870513916,1,-39.092254638671875,1.0
51,0.3777673542499542,1,-33.337074279785156,1.0
52,0.40537816286087036,1,-30.557537078857422,1.0
53,0.4591599702835083,1,-28.522930145263672,1.0
54,0.5142327547073364,1,-35.47665786743164,1.0
55,0.7511277794837952,1,-25.6745662689209,1.0
56,0.6799946427345276,1,-27.053728103637695,1.0
57,0.4753674268722534,1,-32.59918212890625,1.0
58,0.5502020120620728,1,-34.12190246582031,1.0
59,0.6272960305213928,1,-34.524112701416016,1.0
60,0.8265734910964966,1,-27.955520629882812,1.0
61,0.602841854095459,1,-35.71127700805664,1.0
62,0.48561733961105347,1,-30.26657485961914,1.0
63,0.5817278027534485,1,-33.206905364990234,1.0
64,0.47469601035118103,1,-35.1913948059082,1.0
65,0.5558945536613464,1,-28.28498649597168,1.0
66,0.6247187852859497,1,-27.10441780090332,1.0
67,0.7641005516052246,1,-31.926227569580078,1.0
68,0.5419173240661621,1,-27.751928329467773,1.0
69,0.4748647212982178,1,-32.54389190673828,1.0
70,0.6095113754272461,1,-30.744126796722412,1.0
71,0.6622751355171204,1,-26.917861938476562,1.0
72,0.6113483905792236,1,-31.95351791381836,1.0
73,0.7440066933631897,1,-27.088397979736328,1.0
74,0.37242457270622253,1,-33.900352478027344,1.0
75,0.5736621022224426,1,-34.78567457199097,1.0
76,0.5440428853034973,1,-26.609716415405273,1.0
77,0.5402539968490601,1,-45.754940032958984,1.0
78,0.4699866473674774,1,-34.1309814453125,1.0
79,0.9776662588119507,1,-23.968576431274414,1.0
80,1.0244715213775635,1,-24.074234008789062,1.0
81,0.8241631984710693,1,-25.327180862426758,1.0
82,0.7919138669967651,1,-26.19167709350586,1.0
83,0.876681387424469,1,-24.82184410095215,1.0
84,0.8212029933929443,1,-24.9312744140625,1.0
85,0.8516152501106262,1,-24.403335571289062,1.0
86,0.8116682767868042,1,-25.46930503845215,1.0
87,0.890621542930603,1,-24.572996139526367,1.0
88,0.9360426664352417,1,-23.9439697265625,1.0
89,0.8854726552963257,1,-24.970117568969727,1.0
90,0.801333487033844,1,-24.640727996826172,1.0
91,0.8984518051147461,1,-24.956035614013672,1.0
92,1.0272855758666992,1,-24.67681312561035,1.0
93,0.8528385758399963,1,-24.753250122070312,1.0
94,0.865358293056488,1,-24.252643585205078,1.0
95,0.8386145234107971,1,-24.256793975830078,1.0
96,0.9404000043869019,1,-24.11233139038086,1.0
97,0.8302466869354248,1,-25.646697998046875,1.0
98,0.9892243146896362,1,-24.11623764038086,1.0
99,0.8618680834770203,1,-24.318035125732422,1.0
100,0.8701809048652649,1,-25.10685920715332,1.0
101,0.8649675250053406,1,-25.530275344848633,1.0
102,0.8820708990097046,1,-24.03240203857422,1.0
103,0.801629364490509,1,-25.621315002441406,1.0
104,0.9586252570152283,1,-24.34720802307129,1.0
105,0.7831659317016602,1,-24.738554000854492,1.0
106,0.9061986207962036,1,-24.653854370117188,1.0
107,0.8210618495941162,1,-25.335325241088867,1.0
108,0.8686736822128296,1,-24.671873092651367,1.0
109,0.9479341506958008,1,-24.573360443115234,1.0
110,0.8703671097755432,1,-24.702123641967773,1.0
111,0.8662574887275696,1,-24.645286560058594,1.0
112,0.8526529669761658,1,-24.680206298828125,1.0
113,0.8847026824951172,1,-24.608041763305664,1.0
114,0.9397057294845581,1,-24.514022827148438,1.0
115,0.9140551090240479,1,-25.00156021118164,1.0
116,0.8204318284988403,1,-25.065776824951172,1.0
117,0.8486778140068054,1,-25.39673614501953,1.0
118,0.8735769987106323,1,-24.41721534729004,1.0
119,0.9283552765846252,1,-25.35178565979004,1.0
120,0.9980456829071045,0,-24.495271682739258,0.33333333333333337
121,0.10594382882118225,1,-13.548177719116211,1.0
122,0.13959024846553802,1,-15.885498523712158,1.0
123,0.0831446722149849,1,-15.306758880615234,1.0
124,0.09726862609386444,1,-16.05457305908203,1.0
125,0.12739445269107819,1,-15.220544815063477,1.0
126,0.12599995732307434,1,-14.088432312011719,1.0
127,0.06941042840480804,1,-18.335068225860596,1.0
128,0.06759998202323914,1,-16.03736448287964,1.0
129,0.06608467549085617,1,-13.613630294799805,1.0
130,0.061035625636577606,1,-15.175546646118164,1.0
131,0.07073213160037994,1,-14.853851318359375,1.0
132,0.06220277398824692,1,-15.40998649597168,1.0
133,0.05066743493080139,1,-17.044445991516113,1.0
134,0.12786252796649933,1,-18.40748405456543,1.0
135,0.04858732968568802,1,-16.987823486328125,1.0
136,0.08471705764532089,1,-14.158931732177734,1.0
137,0.07540993392467499,1,-14.264707565307617,1.0
138,0.10284621268510818,1,-17.405332565307617,1.0
139,0.12975084781646729,1,-13.638388633728027,1.0
140,0.06080467998981476,1,-14.343488693237305,1.0
141,0.07372583448886871,1,-16.30186653137207,1.0
142,0.06484708935022354,1,-17.599512100219727,1.0
143,0.08927248418331146,1,-18.690017700195312,1.0
144,0.10594382882118225,1,-14.309391021728516,1.0
145,0.07207804173231125,1,-17.60929298400879,1.0
146,0.06759998202323914,1,-16.299792766571045,1.0
147,0.09197980910539627,1,-17.171928882598877,1.0
148,0.06941042840480804,1,-18.277456283569336,1.0
149,0.07428312301635742,1,-13.905422687530518,1.0
150,0.09690719842910767,1,-12.8879976272583,1.0
151,0.08927248418331146,1,-16.87892723083496,1.0
152,0.06862883269786835,1,-14.123302459716797,1.0
153,0.057224102318286896,1,-17.111370086669922,1.0
154,0.10020647197961807,1,-15.828872203826904,1.0
155,0.09583057463169098,1,-13.342334747314453,1.0
156,0.06243877112865448,1,-16.642826080322266,1.0
157,0.10284632444381714,1,-14.25510835647583,1.0
158,0.08008357137441635,1,-16.074988842010498,1.0
159,0.07800549268722534,1,-18.3004412651062,1.0
160,0.09371151775121689,1,-12.409056663513184,1.0
161,0.08761923015117645,1,-22.916278839111328,1.0
162,0.09197980910539627,1,-16.869247913360596,1.0
163,0.07344873249530792,1,-13.824234008789062,1.0
164,0.09027864038944244,1,-13.423651695251465,1.0
165,0.07020052522420883,1,-13.725359439849854,1.0
166,0.06315191835165024,1,-13.525811672210693,1.0
167,0.07099932432174683,1,-14.072590351104736,1.0
168,0.06760009378194809,1,-13.848541259765625,1.0
169,0.07978356629610062,1,-13.543104648590088,1.0
170,0.07262339442968369,1,-13.813267707824707,1.0
171,0.07180692255496979,1,-13.594793796539307,1.0
172,0.07046586275100708,1,-13.643651962280273,1.0
173,0.0806870386004448,1,-13.864194393157959,1.0
174,0.06196761503815651,1,-13.61284065246582,1.0
175,0.06533945351839066,1,-13.840458393096924,1.0
176,0.09266883134841919,1,-14.093283653259277,1.0
177,0.0699361190199852,1,-13.742597103118896,1.0
178,0.059437211602926254,1,-13.573835372924805,1.0
179,0.07484441995620728,1,-13.398966789245605,1.0
180,0.06484708935022354,1,-13.651203632354736,1.0
181,0.06785576045513153,1,-13.642152309417725,1.0
182,0.07540982961654663,1,-13.746699810028076,1.0
183,0.0658353641629219,1,-13.7650146484375,1.0
184,0.07918660342693329,1,-14.089548587799072,1.0
185,0.08729209750890732,1,-13.576168060302734,1.0
186,0.06435829401016235,1,-13.776229858398438,1.0
187,0.06683826446533203,1,-13.487312316894531,1.0
188,0.06173329800367355,1,-13.670455932617188,1.0
189,0.07569412142038345,1,-13.336204528808594,1.0
190,0.07235020399093628,1,-13.663032054901123,1.0
191,0.07262339442968369,1,-13.840378284454346,1.0
192,0.05679125338792801,1,-13.406930923461914,1.0
193,0.06888847053050995,1,-13.687696933746338,1.0
194,0.06709123402833939,1,-13.677784442901611,1.0
195,0.06243877112865448,1,-13.652588844299316,1.0
196,0.07626578211784363,1,-13.805784225463867,1.0
197,0.07428312301635742,1,-13.584339141845703,1.0
198,0.07372583448886871,1,-13.836277484893799,1.0
199,0.09232378005981445,1,-14.021299839019775,1.0
200,0.06811258941888809,1,-13.877662181854248,1.0
201,0.08038479834794998,1,-13.783523559570312,1.0
202,0.06759998202323914,1,-13.716823101043701,1.0
203,0.0806870386004448,1,-13.612865924835205,1.0
204,0.0655868798494339,1,-14.293012619018555,1.0
205,2.144150972366333,0,-13.893795013427734,0.0
206,2.051631212234497,0,-15.816718578338623,0.0
207,2.589723825454712,0,-13.887485980987549,0.0
208,2.1200499534606934,0,-13.71556282043457,0.0
209,2.3962554931640625,0,-13.437896728515625,0.0
210,2.203000783920288,0,-13.307416915893555,0.0
211,2.332554578781128,0,-14.082990169525146,0.0
212,2.8376893997192383,0,-14.306907653808594,0.0
213,2.227360248565674,0,-13.770853996276855,0.0
214,2.6912941932678223,0,-12.925838470458984,0.0
215,2.1752514839172363,0,-16.973905563354492,0.0
216,1.9670729637145996,0,-13.707867622375488,0.0
217,2.0823371410369873,0,-15.329265594482422,0.0
218,2.3891568183898926,0,-13.186444282531738,0.0
219,2.1717891693115234,0,-14.243654727935791,0.0
220,2.1303694248199463,0,-14.392379760742188,0.0
221,2.5320522785186768,0,-12.18838882446289,0.0
222,2.203000783920288,0,-13.923215866088867,0.0
223,2.2099533081054688,0,-20.138071060180664,0.0
224,2.7241058349609375,0,-12.523581504821777,0.0
225,2.5248632431030273,0,-13.98649787902832,0.0
226,2.1303694248199463,0,-13.469945907592773,0.0
227,2.5608534812927246,0,-12.285234451293945,0.0
228,2.3290281295776367,0,-14.099429607391357,0.0
229,2.662194013595581,0,-13.947198867797852,0.0
230,2.0720865726470947,0,-18.684154510498047,0.0
231,2.1787147521972656,0,-12.275495529174805,0.0
232,2.1372570991516113,0,-14.113107681274414,0.0
233,2.2692861557006836,0,-12.270797729492188,0.0
234,2.5752804279327393,0,-14.60757064819336,0.0
235,2.456793785095215,0,-14.13415002822876,0.0
236,2.738713264465332,0,-12.806432723999023,0.0
237,2.5536460876464844,0,-14.694729328155518,0.0
238,2.0926027297973633,0,-16.657163619995117,0.0
239,2.0176751613616943,0,-13.980918884277344,0.0
240,1.857227087020874,0,-13.773075103759766,0.0
241,2.286816120147705,0,-14.537787914276123,0.0
242,2.0210628509521484,0,-13.983622550964355,0.0
243,1.970433235168457,0,-14.455675601959229,0.0
244,2.0244522094726562,0,-13.863800048828125,0.0
245,2.0041418075561523,0,-13.871417045593262,0.0
246,1.9002490043640137,0,-13.84074592590332,0.0
247,2.0041418075561523,0,-14.190567016601562,0.0
248,1.9335665702819824,0,-14.529722213745117,0.0
249,1.8473467826843262,0,-13.669978141784668,0.0
250,1.9603568315505981,0,-13.989171028137207,0.0
251,2.000762939453125,0,-14.080482482910156,0.0
252,2.1166133880615234,0,-14.016817092895508,0.0
253,2.1063132286071777,0,-13.987956047058105,0.0
254,1.857227087020874,0,-14.00544548034668,0.0
255,2.1717891693115234,0,-14.048075199127197,0.0
256,1.9502965211868286,0,-13.991852760314941,0.0
257,1.7917070388793945,0,-14.2362060546875,0.0
258,2.1821796894073486,0,-13.494799613952637,0.0
259,2.0926027297973633,0,-13.567108154296875,0.0
260,2.048227310180664,0,-14.019816398620605,0.0
261,2.1407032012939453,0,-13.736311912536621,0.0
262,1.9335665702819824,0,-13.95285415649414,0.0
263,2.2273600101470947,0,-13.955881595611572,0.0
264,1.91355299949646,0,-13.709893226623535,0.0
265,1.9369088411331177,0,-13.964584350585938,0.0
266,2.106313705444336,0,-14.222310543060303,0.0
267,2.262284517288208,0,-13.983924388885498,0.0
268,2.0960278511047363,0,-13.496411323547363,0.0
269,2.1821796894073486,0,-13.746622085571289,0.0
270,2.014289140701294,0,-13.674827575683594,0.0
271,2.1028833389282227,0,-13.70993423461914,0.0
272,2.0075223445892334,0,-13.875700950622559,0.0
273,0.3577406704425812,1,-4.651951789855957,1.0
274,1.2595512866973877,0,-8.799924612045288,0.0
275,0.1340954750776291,1,-9.068532943725586,1.0
276,1.1905906200408936,0,-6.9149370193481445,0.0
277,0.25897347927093506,1,-6.654852390289307,1.0
278,0.30908337235450745,1,-6.751728534698486,1.0
279,1.4477086067199707,0,-5.894651412963867,0.0
280,0.209390789270401,1,-9.363122940063477,1.0
281,1.1000564098358154,0,-6.281700611114502,0.0
282,0.3393514156341553,1,-3.9984419345855713,1.0
283,0.9451583623886108,0,-4.460431098937988,0.0
284,0.9571446180343628,0,-8.187310218811035,0.0
285,0.1545363962650299,1,-8.635193109512329,1.0
286,1.2961816787719727,0,-8.464022636413574,0.0
287,0.328265905380249,1,-5.354029655456543,1.0
288,1.2372689247131348,0,-9.062294006347656,0.0
289,1.110507607460022,0,-5.889155387878418,0.0
290,0.9214580655097961,0,-5.362758636474609,0.0
291,0.3745043873786926,1,-4.696909427642822,1.0
292,1.282031774520874,0,-9.636849403381348,0.0
293,0.3484445810317993,1,-6.3504838943481445,1.0
294,0.8981232643127441,0,-6.5234270095825195,0.0
295,0.45093730092048645,1,-5.8472442626953125,1.0
296,0.9356344938278198,0,-6.392662048339844,0.0
297,0.4920333921909332,1,-6.599045276641846,1.0
298,0.4152543544769287,1,-5.020850658416748,1.0
299,1.2069599628448486,0,-5.512081623077393,0.0
300,0.4314313530921936,1,-5.604126930236816,1.0
301,0.5590243935585022,1,-5.947037696838379,1.0
302,0.3624655604362488,1,-5.430922508239746,1.0
303,1.0486187934875488,0,-5.672380447387695,0.0
304,0.7452172636985779,0,-5.703329563140869,0.0
305,0.29483237862586975,1,-5.4433863162994385,1.0
306,0.7168593406677246,0,-6.596920490264893,0.0
307,0.44249358773231506,1,-5.315640449523926,1.0
308,0.6892486214637756,1,-5.587818145751953,1.0
309,0.8660739660263062,0,-5.13023567199707,0.0
310,1.1262855529785156,0,-5.19273567199707,0.0
311,0.3577406704425812,1,-6.319007158279419,1.0
312,0.43693456053733826,1,-6.064589500427246,1.0
313,1.1119790077209473,0,-23.555227279663086,0.6666666666666667
314,0.5331988334655762,1,-25.713390350341797,1.0
315,0.45013245940208435,1,-24.613609313964844,1.0
316,0.9236446619033813,0,-23.27924919128418,0.6666666666666667
317,0.44027894735336304,1,-21.59493064880371,1.0
318,0.6856704950332642,1,-23.686140060424805,1.0
319,0.611831545829773,1,-24.71121597290039,1.0
320,0.6098216772079468,1,-24.53226089477539,1.0
321,0.3177873194217682,1,-24.18576431274414,1.0
322,0.8224778771400452,1,-22.568784713745117,1.0
323,0.5294824838638306,1,-22.15991973876953,1.0
324,0.5183006525039673,1,-22.837528228759766,1.0
325,0.3631278872489929,1,-20.533769845962524,1.0
326,1.252229928970337,0,-20.442718744277954,0.6666666666666667
327,1.1399180889129639,0,-20.715510845184326,0.6666666666666667
328,0.9519152045249939,0,-22.614471435546875,0.6666666666666667
329,0.9220877289772034,0,-21.857152938842773,0.6666666666666667
330,0.2980271577835083,1,-26.614112854003906,1.0
331,0.7786069512367249,0,-23.980756759643555,0.6666666666666667
332,0.24623307585716248,1,-26.285541534423828,1.0
333,0.9985705614089966,0,-8.817621231079102,0.0
334,0.384371280670166,1,-9.799534797668457,1.0
335,0.24336092174053192,1,-10.128373146057129,1.0
336,0.7472713589668274,0,-9.566380500793457,0.0
337,0.5215339660644531,1,-8.503536224365234,1.0
338,0.5880033373832703,1,-9.12203598022461,1.0
339,0.5441203713417053,1,-9.748374938964844,1.0
340,0.2671041190624237,1,-10.511775970458984,1.0
341,0.34959539771080017,1,-8.643949508666992,1.0
342,0.5012069940567017,1,-9.275054931640625,1.0
343,0.26527830958366394,1,-8.716963768005371,1.0
344,0.3577406704425812,1,-9.73079776763916,1.0
345,0.47260400652885437,1,-5.208173751831055,1.0
346,0.7870214581489563,0,-6.478474140167236,0.0
347,0.9261689782142639,0,-8.871809959411621,0.0
348,0.47555357217788696,1,-8.895462989807129,1.0
349,0.5984906554222107,1,-7.478123664855957,1.0
350,0.15012127161026,1,-10.236340522766113,1.0
351,0.6020166277885437,1,-8.466659545898438,1.0
352,0.15342143177986145,1,-9.532356023788452,1.0
353,0.3484445810317993,1,-3.4816994667053223,1.0
354,0.8751568794250488,0,-3.994624137878418,0.0
355,0.9167617559432983,0,-4.088634014129639,0.0
356,0.7617566585540771,0,-4.080351948738098,0.0
357,0.3304581940174103,1,-3.8182716369628906,1.0
358,1.0184210538864136,0,-3.872466206550598,0.0
359,0.31326165795326233,1,-3.7588647603988647,1.0
360,1.0639058351516724,0,-3.783621311187744,0.0
361,0.44529402256011963,1,-3.5414928197860718,1.0
362,1.043550968170166,0,-4.197251796722412,0.0
363,0.8751568794250488,0,-3.895413875579834,0.0
364,0.8525612950325012,0,-5.210100173950195,0.0
365,0.9074130654335022,0,-4.299630284309387,0.0
366,1.0284308195114136,0,-4.132976293563843,0.0
367,0.3720705509185791,1,-3.88848876953125,1.0
368,0.9936432838439941,0,-3.8669886589050293,0.0
369,0.9643795490264893,0,-4.398727655410767,0.0
370,0.9356344938278198,0,-3.48740291595459,0.0
371,0.5295173525810242,1,-3.6382596492767334,1.0
372,1.1262855529785156,0,-3.8560714721679688,0.0
373,0.5897417664527893,1,-4.197146892547607,1.0
374,0.8842990398406982,0,-4.337143898010254,0.0
375,1.0384972095489502,0,-4.561700701713562,0.0
376,0.9692211747169495,0,-3.8245768547058105,0.0
377,0.7955642342567444,0,-3.7615323066711426,0.0
378,0.8303390145301819,0,-4.117447257041931,0.0
379,0.6108977794647217,1,-3.3458962440490723,1.0
380,0.6108977794647217,1,-3.675457000732422,1.0
381,0.5042939186096191,1,-4.237255930900574,1.0
382,0.43417593836784363,1,-3.755731463432312,1.0
383,0.26986345648765564,1,-4.396402478218079,1.0
384,0.9936432838439941,0,-4.541651725769043,0.0
385,1.0234191417694092,0,-4.295369029045105,0.0
386,1.0234190225601196,0,-4.1042280197143555,0.0
387,0.2028430551290512,1,-4.918363094329834,1.0
388,1.2344975471496582,0,-4.5995399951934814,0.0
389,0.14688685536384583,1,-4.8199005126953125,1.0
390,1.1689454317092896,0,-4.589275479316711,0.0
391,0.3624655604362488,1,-3.9999375343322754,1.0
392,1.267958164215088,0,-4.165489673614502,0.0
393,0.9547401666641235,0,-3.829404830932617,0.0
394,0.9308944940567017,0,-3.5994324684143066,0.0
395,0.9356344938278198,0,-4.405531883239746,0.0
396,1.0793167352676392,0,-4.651432156562805,0.0
397,0.3174879848957062,1,-3.9234166145324707,1.0
398,1.267958164215088,0,-3.9539875984191895,0.0
399,0.9451583623886108,0,-4.751112937927246,0.0
400,0.8660740852355957,0,-4.043181300163269,0.0
401,0.4047437906265259,1,-4.365577578544617,1.0
402,1.2623502016067505,0,-4.6124937534332275,0.0
403,0.42328080534935,1,-4.250039577484131,1.0
404,1.115753412246704,0,-4.751211643218994,0.0
405,1.0537006855010986,0,-4.6080756187438965,0.0
406,0.9356344938278198,0,-4.364257335662842,0.0
407,0.8706080317497253,0,-4.156919479370117,0.0
408,0.9643795490264893,0,-4.098404169082642,0.0
409,0.5691285133361816,1,-3.7522441148757935,1.0
410,0.8842990398406982,0,-3.392176389694214,0.0
411,0.46239328384399414,1,-3.9174599647521973,1.0
412,0.2948324680328369,1,-4.5864105224609375,1.0
413,0.4885933995246887,1,-57.550198554992676,1.0
414,0.6356073021888733,1,-57.057050704956055,1.0
415,0.5472845435142517,1,-55.96264457702637,1.0
416,0.6814302206039429,1,-54.597838401794434,1.0
417,0.6119804978370667,1,-54.75125217437744,1.0
418,0.689139187335968,1,-51.64149570465088,1.0
419,0.5475620031356812,1,-55.09562587738037,1.0
420,0.6812485456466675,1,-51.550509452819824,1.0
421,0.6750562191009521,1,-55.83780384063721,1.0
422,2.8609235286712646,0,-52.70376682281494,0.0
423,0.6647900342941284,1,-52.08833026885986,1.0
424,2.846389055252075,0,-54.046135902404785,0.0
425,0.6074191331863403,1,-54.71928310394287,1.0
426,2.570919990539551,0,-51.106319427490234,0.0
427,3.0111279487609863,0,-56.39640140533447,0.0
428,2.536557197570801,0,-56.01533317565918,0.0
429,0.6641300916671753,1,-52.45548915863037,1.0
430,0.7056553363800049,1,-49.964073181152344,1.0
431,0.7511667013168335,1,-53.66014862060547,1.0
432,0.7146739363670349,1,-50.45029878616333,1.0
433,0.700147271156311,1,-48.13839530944824,1.0
434,0.7562805414199829,1,-55.07662105560303,1.0
435,3.0687990188598633,0,-52.85524368286133,0.0
436,0.7002188563346863,1,-49.56813907623291,1.0
437,0.7035784721374512,1,-49.17534255981445,1.0
438,0.7383913993835449,1,-50.45853281021118,1.0
439,0.42870065569877625,1,-13.267295837402344,1.0
440,0.48900455236434937,1,-12.57698917388916,1.0
441,0.354230672121048,1,-11.638588905334473,1.0
442,0.449521005153656,1,-12.871791362762451,1.0
443,0.6586087346076965,1,-16.208599090576172,1.0
444,0.22305867075920105,1,-11.224468231201172,1.0
445,0.43006429076194763,1,-13.137720108032227,1.0
446,0.825939416885376,0,-15.207901000976562,0.0
447,0.3600967526435852,1,-11.401455402374268,1.0
448,1.1000564098358154,0,-11.733613967895508,0.0
449,0.4981345236301422,1,-12.026040077209473,1.0
450,0.9332626461982727,0,-12.30502700805664,0.0
451,0.384371280670166,1,-10.786537170410156,1.0
452,0.8615548610687256,0,-11.611749649047852,0.0
453,0.8774368166923523,0,-12.948563575744629,0.0
454,0.7513910531997681,0,-14.670042037963867,0.0
455,0.34501099586486816,1,-11.01667308807373,1.0
456,0.34959539771080017,1,-11.045026779174805,1.0
457,0.4566369652748108,1,-11.996048927307129,1.0
458,0.4397071301937103,1,-11.676605224609375,1.0
459,0.3530670702457428,1,-11.342052459716797,1.0
460,0.44529402256011963,1,-13.257770538330078,1.0
461,0.8570506572723389,0,-12.514010429382324,0.0
462,0.37695127725601196,1,-10.90281867980957,1.0
463,0.328265905380249,1,-10.67536735534668,1.0
464,0.9120801091194153,0,-14.135018348693848,0.0
465,0.21782001852989197,1,-66.78718852996826,1.0
466,0.25357067584991455,1,-59.46890640258789,1.0
467,0.29740169644355774,1,-55.66350078582764,1.0
468,0.2621176242828369,1,-53.89125919342041,1.0
469,0.27695170044898987,1,-53.6307168006897,1.0
470,0.2918251156806946,1,-56.770328521728516,1.0
471,0.17179493606090546,1,-45.53814101219177,1.0
472,0.3404448926448822,1,-48.38440418243408,1.0
473,0.30956196784973145,1,-48.697594165802,1.0
474,3.1646270751953125,0,-45.34655570983887,0.0
475,0.4204907715320587,1,-45.715567111968994,1.0
476,3.7125260829925537,0,-48.061707496643066,0.0
477,0.44661229848861694,1,-44.770930767059326,1.0
478,2.9841387271881104,0,-43.10902643203735,0.0
479,3.9349119663238525,0,-50.51892852783203,0.0
480,3.698129415512085,0,-49.642343521118164,0.0
481,0.38054928183555603,1,-44.92170429229736,1.0
482,0.5871627330780029,1,-39.73134088516235,1.0
483,0.28463369607925415,1,-50.140318870544434,1.0
484,0.538213849067688,1,-43.126670837402344,1.0
485,0.6426791548728943,1,-38.953585147857666,1.0
486,0.37991079688072205,1,-54.34681463241577,1.0
487,4.307735443115234,0,-49.524925231933594,0.0
488,0.5178287029266357,1,-46.523481369018555,1.0
489,0.6285240054130554,1,-40.042044162750244,1.0
490,0.5525513887405396,1,-43.46848440170288,1.0
491,1.2344975471496582,0,-14.084509372711182,0.0
492,1.4209296703338623,0,-13.497267723083496,0.0
493,1.110507607460022,0,-13.40677261352539,0.0
494,0.7659295797348022,0,-12.519155502319336,0.0
495,0.8981232643127441,0,-12.671606063842773,0.0
496,0.9332629442214966,0,-12.721888065338135,0.0
497,1.2763930559158325,0,-13.12747573852539,0.0
498,0.8570506572723389,0,-12.32555103302002,0.0
499,0.9692211747169495,0,-14.302492141723633,0.0
500,0.4981345236301422,1,-13.360272407531738,1.0
501,1.0059880018234253,0,-12.946474075317383,0.0
502,0.43555358052253723,1,-13.00682544708252,1.0
503,0.8820079565048218,0,-12.688689231872559,0.0
504,0.3970034718513489,1,-13.085138320922852,1.0
505,0.33487993478775024,1,-15.195730209350586,1.0
506,0.2634633779525757,1,-14.224973678588867,1.0
507,0.9571443796157837,0,-12.832374095916748,0.0
508,0.7977094054222107,0,-12.48970890045166,0.0
509,1.0741660594940186,0,-13.115081787109375,0.0
510,1.417968511581421,0,-14.606770038604736,0.0
511,0.7188600897789001,0,-12.624614715576172,0.0
512,1.1026641130447388,0,-14.471319198608398,0.0
513,0.24933114647865295,1,-12.816643714904785,1.0
514,0.8106595873832703,0,-14.209911346435547,0.0
515,0.6455106735229492,1,-10.754815101623535,1.0
516,1.6950305700302124,0,-14.430883407592773,0.0
517,0.42328080534935,1,-13.954960823059082,1.0
518,0.38687101006507874,1,-13.27635383605957,1.0
519,0.5012069940567017,1,-13.499197959899902,1.0
520,0.7638412714004517,0,-12.601542472839355,0.0
521,0.6680788397789001,1,-12.937034606933594,1.0
522,0.61447674036026,1,-12.784423828125,1.0
523,0.40474388003349304,1,-13.50013542175293,1.0
524,0.6738066673278809,1,-12.600625991821289,1.0
525,0.6271225214004517,1,-14.180828094482422,1.0
526,0.7955642342567444,0,-13.455633163452148,0.0
527,0.5776515603065491,1,-13.08127212524414,1.0
528,0.8706080317497253,0,-13.134376525878906,0.0
529,0.6990237236022949,0,-12.983756065368652,0.0
530,0.9765102863311768,0,-13.210569381713867,0.0
531,1.043550968170166,0,-14.905679702758789,0.0
532,1.2651526927947998,0,-14.230461120605469,0.0
533,0.6180707812309265,1,-12.769560813903809,1.0
534,0.7188600897789001,0,-12.78662109375,0.0
535,0.5408493280410767,1,-12.958900451660156,1.0
536,0.3684443235397339,1,-14.573982238769531,1.0
537,0.7934228777885437,0,-12.785459518432617,0.0
538,0.49355319142341614,1,-14.466352462768555,1.0
539,1.31326162815094,0,-12.688753128051758,0.0
540,0.7248854041099548,0,-14.119601249694824,0.0
541,0.9004402160644531,0,-10.587900161743164,0.0
542,0.2563117444515228,1,-14.856093883514404,1.0
543,0.7128691673278809,0,-14.746074676513672,0.0
544,0.978947103023529,0,-13.063782691955566,0.0
545,0.9308944940567017,0,-12.788470268249512,0.0
546,0.9862794876098633,0,-13.237613201141357,0.0
547,0.6073339581489563,1,-16.52983283996582,1.0
548,1.3709688186645508,0,-11.960248470306396,0.0
549,0.6680788397789001,1,-14.765008926391602,1.0
550,0.48448818922042847,1,-15.537532329559326,1.0
551,0.9862791299819946,0,-12.414056777954102,0.0
552,0.5215339660644531,1,-12.552645683288574,1.0
553,0.8347534537315369,0,-12.652907371520996,0.0
554,0.6271225214004517,1,-13.109820365905762,1.0
555,0.9911849498748779,0,-11.46182632446289,0.0
556,0.5897417664527893,1,-12.229438781738281,1.0
557,0.7638412714004517,0,-13.921419143676758,0.0
558,1.2096997499465942,0,-15.817275524139404,0.0
559,1.1662545204162598,0,-11.694841384887695,0.0
560,1.1824493408203125,0,-11.95121955871582,0.0
561,1.020918369293213,0,-12.255289077758789,0.0
562,0.9595527648925781,0,-12.350259780883789,0.0
563,1.1905906200408936,0,-12.520788192749023,0.0
564,0.9120801091194153,0,-14.150641441345215,0.0
565,0.7108798027038574,0,-13.237730026245117,0.0
566,1.1052751541137695,0,-11.558796882629395,0.0
567,1.2042237520217896,0,-11.667950630187988,0.0
568,0.33487993478775024,1,-15.735780715942383,1.0
569,0.31901857256889343,1,-18.753541946411133,1.0
570,1.0825426578521729,0,-16.236494541168213,0.0
571,0.9667986631393433,0,-15.489169120788574,0.0
572,0.6711771488189697,1,-18.598834991455078,1.0
573,0.28307050466537476,1,-15.200750350952148,1.0
574,0.313524454832077,1,-15.857583999633789,1.0
575,0.37328580021858215,1,-17.071819305419922,1.0
576,0.7753739953041077,0,-17.149709701538086,0.0
577,0.48224252462387085,1,-17.03990364074707,1.0
578,0.7701175808906555,0,-15.377126693725586,0.0
579,0.47113460302352905,1,-15.527332305908203,1.0
580,0.5976115465164185,1,-15.41761302947998,1.0
581,0.5556862950325012,1,-16.90169906616211,1.0
582,0.41359761357307434,1,-16.651458740234375,1.0
583,0.5544381141662598,1,-15.946376323699951,1.0
584,1.0987536907196045,0,-17.39786720275879,0.0
585,0.7753739953041077,0,-15.007650375366211,0.0
586,0.17514033615589142,1,-16.004557132720947,1.0
587,1.1946719884872437,0,-18.980937957763672,0.0
588,0.9752931594848633,0,-15.499916076660156,0.0
589,0.41359761357307434,1,-17.334003448486328,1.0
590,0.5923564434051514,1,-14.60753059387207,1.0
591,0.7000064849853516,0,-17.82692527770996,0.0
592,0.4307473599910736,1,-11.689546585083008,1.0
593,0.6567261815071106,1,-17.193614959716797,1.0
594,1.090956211090088,0,-16.005279064178467,0.0
595,1.0284310579299927,0,-17.268766403198242,0.0
596,0.27604493498802185,1,-17.114891052246094,1.0
597,0.4502289891242981,1,-16.200844287872314,1.0
598,0.3026500642299652,1,-15.288527965545654,1.0
599,0.5339475870132446,1,-17.286664962768555,1.0
600,0.3059810996055603,1,-15.678684711456299,1.0
601,1.0857747793197632,0,-16.53564214706421,0.0
602,1.1475096940994263,0,-14.915385246276855,0.0
603,1.1595414876937866,0,-17.389822006225586,0.0
604,0.16196779906749725,1,-15.757678985595703,1.0
605,0.5527777075767517,1,-16.874433517456055,1.0
606,0.5406453609466553,1,-19.678956985473633,1.0
607,0.46966883540153503,1,-16.15995979309082,1.0
608,0.9244006276130676,0,-16.641603469848633,0.0
609,0.4689372777938843,1,-14.463652610778809,1.0
610,0.579367458820343,1,-17.271207809448242,1.0
611,0.6399543285369873,1,-14.969583511352539,1.0
612,0.6339734792709351,1,-18.21297836303711,1.0
613,0.7944930791854858,0,-16.65486717224121,0.0
614,0.4122762084007263,1,-18.577436447143555,1.0
615,0.9936432838439941,0,-15.286687850952148,0.0
616,1.3154041767120361,0,-17.288171768188477,0.0
617,0.9917992353439331,0,-15.621784210205078,0.0
618,0.44810864329338074,1,-16.638446807861328,1.0
619,1.1328952312469482,0,-17.289592742919922,0.0
620,0.6980418562889099,0,-15.475404739379883,0.0
621,0.30405551195144653,1,-17.56540298461914,1.0
622,0.6140285134315491,1,-18.53652572631836,1.0
623,0.9463529586791992,0,-18.16242218017578,0.0
624,0.8740185499191284,0,-16.288259029388428,0.0
625,1.3666000366210938,0,-15.419000148773193,0.0
626,0.4927928149700165,1,-13.641618728637695,1.0
627,0.3507494330406189,1,-16.152725219726562,1.0
628,0.7482998371124268,0,-17.414813995361328,0.0
629,1.4777238368988037,0,-14.92600965499878,0.0
630,0.8774368166923523,0,-16.517120361328125,0.0
631,0.6671276092529297,1,-15.8290433883667,1.0
632,0.4796326160430908,1,-16.74864959716797,1.0
633,0.8204611539840698,0,-15.075940132141113,0.0
634,0.2930915057659149,1,-16.339958667755127,1.0
635,0.3933374285697937,1,-17.371408462524414,1.0
636,0.3726777732372284,1,-16.91692352294922,1.0
637,0.6100751161575317,1,-19.440332412719727,1.0
638,0.3288128077983856,1,-15.359024047851562,1.0
639,1.506487250328064,0,-16.928370475769043,0.0
640,1.1878738403320312,0,-16.34040403366089,0.0
641,0.31536877155303955,1,-13.84994125366211,1.0
642,1.1223297119140625,0,-16.930410385131836,0.0
643,0.3390704095363617,1,-16.67852783203125,1.0
644,0.48149573802948,1,-14.491263389587402,1.0
645,1.2466448545455933,0,-18.416309356689453,0.0
646,0.3013772964477539,1,-15.941551208496094,1.0
647,1.0271764993667603,0,-16.2398419380188,0.0
648,1.1797419786453247,0,-17.507383346557617,0.0
649,0.53840571641922,1,-13.683687210083008,1.0
650,1.0165505409240723,0,-17.69828987121582,0.0
651,0.6418026089668274,1,-16.626615524291992,1.0
652,0.22111378610134125,1,-18.11537742614746,1.0
653,0.4002138376235962,1,-17.054645538330078,1.0
654,0.409725546836853,1,-18.92049789428711,1.0
655,0.6690310835838318,1,-15.289152145385742,1.0
656,0.48336443305015564,1,-17.741714477539062,1.0
657,0.3754201829433441,1,-16.22062397003174,1.0
658,0.3490195572376251,1,-16.81722640991211,1.0
659,1.5431578159332275,0,-16.61199378967285,0.0
660,0.3630599081516266,1,-15.759466648101807,1.0
661,0.7279108762741089,0,-18.97382164001465,0.0
662,0.779596209526062,0,-15.7181978225708,0.0
663,0.3720705509185791,1,-14.844303131103516,1.0
664,0.45093730092048645,1,-16.81305694580078,1.0
665,0.5750847458839417,1,-14.441570281982422,1.0
666,1.151512861251831,0,-17.052349090576172,0.0
667,0.6162719130516052,1,-17.21665382385254,1.0
668,0.337668776512146,1,-15.112278461456299,1.0
669,0.5914839506149292,1,-16.907373428344727,1.0
670,0.46529310941696167,1,-16.63136577606201,1.0
671,0.8553653955459595,0,-16.685314178466797,0.0
672,0.5871354341506958,1,-13.8977632522583,1.0
673,0.3460094928741455,1,-19.121347427368164,1.0
674,1.027177333831787,0,-16.656188011169434,0.0
675,0.9068307876586914,0,-17.44745635986328,0.0
676,0.6843967437744141,1,-18.006425857543945,1.0
677,0.6931471824645996,1,-15.381477355957031,1.0
678,0.24976249039173126,1,-15.235071182250977,1.0
679,0.34104084968566895,1,-16.1151442527771,1.0
680,1.1072357892990112,0,-15.828214645385742,0.0
681,0.9033415913581848,0,-16.103012084960938,0.0
682,0.8785781860351562,0,-18.31940460205078,0.0
683,0.6216800808906555,1,-15.561515808105469,1.0
684,0.5780801773071289,1,-18.866865158081055,1.0
685,1.6632553339004517,0,-14.619706630706787,0.0
686,0.22580723464488983,1,-15.678490161895752,1.0
687,0.5998111367225647,1,-18.47296142578125,1.0
688,0.65390944480896,1,-17.103343963623047,1.0
689,0.4112873077392578,1,-15.572175979614258,1.0
690,0.8226495981216431,0,-16.476835250854492,0.0
691,1.1091982126235962,0,-18.249292373657227,0.0
692,1.169618844985962,0,-16.210630416870117,0.0
693,0.5004374384880066,1,-17.49776268005371,1.0
694,1.159541130065918,0,-16.26565980911255,0.0
695,0.3266298770904541,1,-16.209139347076416,1.0
696,0.3232432007789612,1,-18.733051300048828,1.0
697,0.354230672121048,1,-15.533075332641602,1.0
698,0.4139285087585449,1,-15.139997482299805,1.0
699,1.635642647743225,0,-17.393120765686035,0.0
700,0.5465830564498901,1,-16.437569618225098,1.0
701,0.4393600821495056,1,-16.73564624786377,1.0
702,0.6399543285369873,1,-16.70213508605957,1.0
703,0.8408479690551758,0,-16.81623077392578,0.0
704,0.5054553151130676,1,-18.70745277404785,1.0
705,0.8871681094169617,0,-17.45644187927246,0.0
706,0.3530670702457428,1,-15.003087043762207,1.0
707,0.6742855310440063,1,-17.257003784179688,1.0
708,0.46966859698295593,1,-16.355868816375732,1.0
709,0.49775153398513794,1,-16.654390335083008,1.0
710,1.2749853134155273,0,-13.774706840515137,0.0
711,1.130248785018921,0,-14.828451156616211,0.0
712,0.21688853204250336,1,-15.33113718032837,1.0
713,0.2738151252269745,1,-16.222847938537598,1.0
714,0.6892486214637756,1,-15.341619491577148,1.0
715,0.27218180894851685,1,-14.744583129882812,1.0
716,0.8469706177711487,0,-15.790746688842773,0.0
717,0.5615378022193909,1,-15.997516632080078,1.0
718,0.6371889710426331,1,-17.778871536254883,1.0
719,0.4474037289619446,1,-14.411894798278809,1.0
720,0.6399543285369873,1,-15.726839065551758,1.0
721,1.1276057958602905,0,-18.779926300048828,0.0
722,0.8536822199821472,0,-14.659150123596191,0.0
723,1.0690290927886963,0,-16.83233642578125,0.0
724,0.39444997906684875,1,-16.052536964416504,1.0
725,0.7680217027664185,0,-16.277870178222656,0.0
726,0.7790675759315491,0,-18.156652450561523,0.0
727,1.801482081413269,0,-13.115891456604004,0.0
728,0.6408779621124268,1,-17.45818328857422,1.0
729,0.44881442189216614,1,-16.88302993774414,1.0
730,0.20718726515769958,1,-15.632533550262451,1.0
731,0.19080737233161926,1,-14.627587795257568,1.0
732,1.1851598024368286,0,-14.287896156311035,0.0
733,0.8095752000808716,0,-14.568815231323242,0.0
734,0.5255141258239746,1,-16.783788681030273,1.0
735,0.58453768491745,1,-16.624162673950195,1.0
736,0.25019440054893494,1,-16.407622814178467,1.0
737,0.44354209303855896,1,-18.111085891723633,1.0
738,0.3912777304649353,1,-15.397621631622314,1.0
739,0.5046808123588562,1,-16.502840042114258,1.0
740,0.47592324018478394,1,-17.753684997558594,1.0
741,0.7854263782501221,0,-16.36435890197754,0.0
742,0.828687310218811,0,-18.983617782592773,0.0
743,0.5941044092178345,1,-16.2414608001709,1.0
744,1.7006149291992188,0,-15.602947235107422,0.0
745,0.821554958820343,0,-16.994781494140625,0.0
746,0.8391829133033752,0,-17.837448120117188,0.0
747,1.1335573196411133,0,-16.03989601135254,0.0
748,0.41925209760665894,1,-14.849259376525879,1.0
749,1.4046764373779297,0,-15.58293867111206,0.0
750,0.10256028175354004,1,-16.496973037719727,1.0
751,0.7955642342567444,0,-16.800626754760742,0.0
752,0.40150389075279236,1,-14.95385456085205,1.0
753,0.47703367471694946,1,-15.161264419555664,1.0
754,0.6970611214637756,0,-16.57559585571289,0.0
755,0.9911849498748779,0,-18.01865577697754,0.0
756,0.6560211777687073,1,-19.25981330871582,1.0
757,0.8030887842178345,0,-17.034339904785156,0.0
758,1.222066879272461,0,-16.195207118988037,0.0
759,1.0987536907196045,0,-16.70823097229004,0.0
760,0.5073955655097961,1,-16.97789764404297,1.0
761,0.6189717054367065,1,-16.802814483642578,1.0
762,1.8919496536254883,0,-14.115657806396484,0.0
763,2.0960278511047363,0,-16.45369529724121,0.0
764,0.6055577397346497,1,-17.579683303833008,1.0
765,0.6480687856674194,1,-19.041650772094727,1.0
766,0.4505825936794281,1,-16.244940757751465,1.0
767,0.7314514517784119,0,-16.67496681213379,0.0
768,1.4943468570709229,0,-16.980205059051514,0.0
769,0.8060574531555176,0,-17.406015396118164,0.0
770,1.1588712930679321,0,-17.604276657104492,0.0
771,0.424630731344223,1,-15.665737628936768,1.0
772,1.1528493165969849,0,-15.543714046478271,0.0
773,0.8375201225280762,0,-18.442054748535156,0.0
774,0.910912036895752,0,-16.957639694213867,0.0
775,0.7565619945526123,0,-18.46316146850586,0.0
776,0.8128311038017273,0,-15.707860946655273,0.0
777,0.8475286960601807,0,-17.842876434326172,0.0
778,0.5118796825408936,1,-18.535192489624023,1.0
779,0.5565194487571716,1,-16.819881439208984,1.0
780,0.9613611698150635,0,-17.692256927490234,0.0
781,0.7228731513023376,0,-16.771120071411133,0.0
782,0.6445825099945068,1,-15.951000690460205,1.0
783,0.8621188998222351,0,-16.788604736328125,0.0
784,0.3180193603038788,1,-16.109610557556152,1.0
785,0.4474037289619446,1,-15.52830696105957,1.0
786,1.3089815378189087,0,-17.824098587036133,0.0
787,0.5152135491371155,1,-14.780502319335938,1.0
788,0.6180707812309265,1,-15.744497299194336,1.0
789,0.9433678388595581,0,-15.763617038726807,0.0
790,0.661439836025238,1,-16.416200637817383,1.0
791,1.121012806892395,0,-15.353404998779297,0.0
792,1.3175482749938965,0,-15.339779376983643,0.0
793,0.7743207812309265,0,-14.322455406188965,0.0
794,1.316833734512329,0,-18.134502410888672,0.0
795,0.5335436463356018,1,-16.538728713989258,1.0
796,0.43555358052253723,1,-14.718001365661621,1.0
797,0.17404522001743317,1,-15.096760272979736,1.0
798,0.42463040351867676,1,-16.202739238739014,1.0
799,0.65390944480896,1,-18.4173641204834,1.0
800,0.4280201494693756,1,-18.507333755493164,1.0
801,0.5223281383514404,1,-16.385751724243164,1.0
802,0.2978379428386688,1,-14.964836597442627,1.0
803,0.5923564434051514,1,-17.0841007232666,1.0
804,0.789684534072876,0,-19.808029174804688,0.0
805,0.8270378708839417,0,-16.72526741027832,0.0
806,0.5511207580566406,1,-16.40066909790039,1.0
807,0.5785089731216431,1,-13.555191993713379,1.0
808,0.6002517342567444,1,-16.364770889282227,1.0
809,0.5073955655097961,1,-13.500885009765625,1.0
810,0.5165910720825195,1,-18.88765525817871,1.0
811,0.5941044092178345,1,-17.787052154541016,1.0
812,0.6892486214637756,1,-16.81585121154785,1.0
813,0.4246305525302887,1,-19.47136688232422,1.0
814,0.6399543285369873,1,-14.964982032775879,1.0
815,0.18611101806163788,1,-15.255730152130127,1.0
816,0.28889989852905273,1,-15.918844223022461,1.0
817,0.7138652205467224,0,-14.373557090759277,0.0
818,0.7248856425285339,0,-15.947387218475342,0.0
819,0.41724932193756104,1,-14.98394775390625,1.0
820,0.5474061369895935,1,-15.960349559783936,1.0
821,0.8842990398406982,0,-17.352664947509766,0.0
822,1.307555913925171,0,-16.507914066314697,0.0
823,1.9864225387573242,0,-15.799613952636719,0.0
824,0.5862686038017273,1,-17.59358024597168,1.0
825,1.1608824729919434,0,-16.931793212890625,0.0
826,0.3794114589691162,1,-16.266782760620117,1.0
827,0.3583284318447113,1,-14.677680969238281,1.0
828,0.6100053787231445,1,-16.809059143066406,1.0
829,0.6399543285369873,1,-15.005926132202148,1.0
830,0.6198736429214478,1,-18.319719314575195,1.0
831,0.8672060370445251,0,-13.976547241210938,0.0
832,1.0524286031723022,0,-15.608681201934814,0.0
833,1.2700650691986084,0,-16.97561550140381,0.0
834,1.441738486289978,0,-13.98226261138916,0.0
835,1.492074966430664,0,-17.42545509338379,0.0
836,0.5871354341506958,1,-16.931753158569336,1.0
837,1.081897258758545,0,-17.96525764465332,0.0
838,0.6501671075820923,1,-16.928754806518555,1.0
839,0.7774832248687744,0,-17.244522094726562,0.0
840,0.9559419751167297,0,-17.044387817382812,0.0
841,1.2813262939453125,0,-15.79733657836914,0.0
842,0.7039470672607422,0,-16.58148193359375,0.0
843,0.8780074119567871,0,-17.64362907409668,0.0
844,0.38033735752105713,1,-16.97631072998047,1.0
845,1.1052751541137695,0,-17.2382869720459,0.0
846,0.6450463533401489,1,-16.746171951293945,1.0
847,0.4748148024082184,1,-17.553218841552734,1.0
848,0.9027608633041382,0,-15.480151176452637,0.0
849,0.3464381992816925,1,-17.4566650390625,1.0
850,0.23260799050331116,1,-15.21720552444458,1.0
851,0.5958560705184937,1,-15.427584648132324,1.0
852,0.6280328631401062,1,-12.63336181640625,1.0
853,0.4580707252025604,1,-14.860729217529297,1.0
854,1.0896596908569336,0,-16.08214521408081,0.0
855,1.7198141813278198,0,-17.287960052490234,0.0
856,0.8694730997085571,0,-15.934436798095703,0.0
857,0.43693456053733826,1,-14.587044715881348,1.0
858,0.6371889710426331,1,-18.084096908569336,1.0
859,0.9039225578308105,0,-14.122904777526855,0.0
860,0.6335151195526123,1,-17.081266403198242,1.0
861,0.4404023587703705,1,-14.60549545288086,1.0
862,0.24209806323051453,1,-14.928515911102295,1.0
863,1.5400876998901367,0,-14.650673866271973,0.0
864,0.7360208034515381,0,-17.857284545898438,0.0
865,0.3031606078147888,1,-18.017311096191406,1.0
866,0.14476674795150757,1,-12.90379524230957,1.0
867,0.4856146275997162,1,-15.807043552398682,1.0
868,0.33991390466690063,1,-16.741983890533447,1.0
869,0.34075888991355896,1,-16.938663482666016,1.0
870,0.7680217027664185,0,-17.455007553100586,0.0
871,0.7859578728675842,0,-15.809185028076172,0.0
872,0.41724932193756104,1,-17.962783813476562,1.0
873,0.5862686038017273,1,-15.797830581665039,1.0
874,0.7627984881401062,0,-14.821109771728516,0.0
875,0.7638412714004517,0,-15.812548637390137,0.0
876,0.4996688961982727,1,-15.526110649108887,1.0
877,0.7059231400489807,0,-17.69331932067871,0.0
878,0.7827727794647217,0,-17.1763858795166,0.0
879,0.8593008518218994,0,-15.987415313720703,0.0
880,1.013437271118164,0,-16.027713775634766,0.0
881,0.409315288066864,1,-16.69623565673828,1.0
882,1.316118836402893,0,-14.286459922790527,0.0
883,0.4950766861438751,1,-16.79314613342285,1.0
884,0.36784276366233826,1,-14.93846321105957,1.0
885,0.512270987033844,1,-18.32767105102539,1.0
886,0.9185211062431335,0,-17.33357810974121,0.0
887,0.5035208463668823,1,-15.454324722290039,1.0
888,0.30163127183914185,1,-16.034152030944824,1.0
889,0.49051713943481445,1,-16.507686614990234,1.0
890,1.4739575386047363,0,-16.555148124694824,0.0
891,0.9801669120788574,0,-17.807552337646484,0.0
892,0.48523885011672974,1,-16.37783432006836,1.0
893,0.37756529450416565,1,-15.618088245391846,1.0
894,1.0340863466262817,0,-16.98147201538086,0.0
895,0.48674243688583374,1,-14.973485946655273,1.0
896,0.9655888080596924,0,-18.128177642822266,0.0
897,0.575939416885376,1,-16.832029342651367,1.0
898,0.31748780608177185,1,-16.070830821990967,1.0
899,0.5897419452667236,1,-15.995205402374268,1.0
900,0.8458552956581116,0,-17.149263381958008,0.0
901,0.2101299911737442,1,-14.633932113647461,1.0
902,0.31642675399780273,1,-16.468120098114014,1.0
903,0.9813876152038574,0,-14.312678337097168,0.0
904,0.6567261815071106,1,-17.635616302490234,1.0
905,1.0053685903549194,0,-17.912994384765625,0.0
906,0.7411203980445862,0,-14.886948585510254,0.0
907,0.5400334000587463,1,-16.106730461120605,1.0
908,0.25258228182792664,1,-19.174339294433594,1.0
909,0.600251317024231,1,-16.199620246887207,1.0
910,0.6015750765800476,1,-18.794099807739258,1.0
911,0.5482301712036133,1,-16.733469009399414,1.0
912,0.9674039483070374,0,-17.015302658081055,0.0
913,1.149510383605957,0,-19.3779354095459,0.0
914,0.6100051999092102,1,-16.020535945892334,1.0
915,0.7208647131919861,0,-17.117765426635742,0.0
916,0.8009341955184937,0,-17.23130226135254,0.0
917,1.0121934413909912,0,-15.049412727355957,0.0
918,0.4348643720149994,1,-17.140077590942383,1.0
919,1.124966025352478,0,-14.846238136291504,0.0
920,0.6970611214637756,0,-16.66623878479004,0.0
921,0.45825016498565674,1,-19.73647689819336,1.0
922,0.5941044092178345,1,-15.552611351013184,1.0
923,1.0010395050048828,0,-17.160865783691406,0.0
924,0.6020166277885437,1,-16.895111083984375,1.0
925,1.3061318397521973,0,-15.575105667114258,0.0
926,0.8820079565048218,0,-16.5399112701416,0.0
927,0.9819982051849365,0,-17.07855224609375,0.0
928,0.5862686038017273,1,-17.589113235473633,1.0
929,0.2621091902256012,1,-16.311395168304443,1.0
930,0.19814172387123108,1,-17.495405197143555,1.0
931,0.672371506690979,1,-16.462934494018555,1.0
932,0.9279392957687378,0,-16.503604888916016,0.0
933,0.5042939782142639,1,-18.237083435058594,1.0
934,0.4939337372779846,1,-17.348295211791992,1.0
935,0.6140285134315491,1,-18.790620803833008,1.0
936,0.5763668417930603,1,-15.96547269821167,1.0
937,0.7411203980445862,0,-15.203170776367188,0.0
938,0.5789381265640259,1,-18.349063873291016,1.0
939,0.5828104615211487,1,-15.508553504943848,1.0
940,1.075452446937561,0,-14.624897956848145,0.0
941,0.6189717054367065,1,-16.224090576171875,1.0
942,0.4145910143852234,1,-15.299924850463867,1.0
943,0.6064453721046448,1,-16.76023292541504,1.0
944,0.5772231221199036,1,-17.641265869140625,1.0
945,0.6464400291442871,1,-15.92363166809082,1.0
946,0.7601958513259888,0,-17.64144515991211,0.0
947,0.5469947457313538,1,-16.736064910888672,1.0
948,0.6834292411804199,1,-16.293550491333008,1.0
949,0.5271126627922058,1,-17.702350616455078,1.0
950,0.8458552956581116,0,-17.287111282348633,0.0
951,0.31326165795326233,1,-17.990468978881836,1.0
952,0.5319303274154663,1,-17.473434448242188,1.0
953,0.26986345648765564,1,-14.778229713439941,1.0
954,0.4950765371322632,1,-16.202439785003662,1.0
955,0.9214580655097961,0,-16.558055877685547,0.0
956,0.5581884980201721,1,-13.937941551208496,1.0
957,0.5223279595375061,1,-16.014895915985107,1.0
958,0.4112871587276459,1,-16.663447856903076,1.0
959,0.4132668077945709,1,-15.33072805404663,1.0
960,0.7648849487304688,0,-15.021045684814453,0.0
961,0.5927931070327759,1,-17.17717742919922,1.0
962,1.1441794633865356,0,-17.54827117919922,0.0
963,0.6738066673278809,1,-15.22771167755127,1.0
964,0.9559419751167297,0,-15.183317184448242,0.0
965,0.2990978956222534,1,-15.805830001831055,1.0
966,0.5901769995689392,1,-17.583372116088867,1.0
967,0.5598612427711487,1,-16.551733016967773,1.0
968,0.9535393118858337,0,-17.37849235534668,0.0
969,1.2158749103546143,0,-15.37137222290039,0.0
970,0.6980418562889099,0,-17.218830108642578,0.0
971,0.5967332720756531,1,-15.709156036376953,1.0
972,1.3232749700546265,0,-14.601287841796875,0.0
973,1.2117564678192139,0,-15.835063457489014,0.0
974,0.43762636184692383,1,-16.69469451904297,1.0
975,0.45378002524375916,1,-15.89670181274414,1.0
976,0.7462437748908997,0,-14.80817699432373,0.0
977,0.890618622303009,0,-17.448503494262695,0.0
978,0.6907087564468384,1,-17.181150436401367,1.0
979,0.8888923525810242,0,-15.198246002197266,0.0
980,1.0115718841552734,0,-18.73965072631836,0.0
981,0.666652262210846,1,-17.05502700805664,1.0
982,0.3973236083984375,1,-17.661128997802734,1.0
983,0.3797198235988617,1,-15.336641311645508,1.0
984,0.412606418132782,1,-16.625345706939697,1.0
985,0.3590642809867859,1,-17.618064880371094,1.0
986,0.5699765086174011,1,-16.264448165893555,1.0
987,1.101359486579895,0,-16.249145984649658,0.0
988,0.5183664560317993,1,-16.99078369140625,1.0
989,0.8425149321556091,0,-14.955097198486328,0.0
990,0.667603075504303,1,-16.187898635864258,1.0
991,0.7269014716148376,0,-17.264339447021484,0.0
992,0.3315591514110565,1,-16.49562692642212,1.0
993,1.0741660594940186,0,-16.389497756958008,0.0
994,0.8518262505531311,0,-19.67750358581543,0.0
995,1.0780278444290161,0,-13.164546012878418,0.0
996,1.021543264389038,0,-17.027612686157227,0.0
997,1.049888014793396,0,-17.310104370117188,0.0
998,0.5967332720756531,1,-16.75322151184082,1.0
999,0.3970034718513489,1,-17.794143676757812,1.0
1000,0.40118110179901123,1,-15.07078742980957,1.0
1001,0.9214577674865723,0,-15.747084140777588,0.0
1002,0.4314313530921936,1,-17.11183738708496,1.0
1003,0.5359705686569214,1,-14.699034690856934,1.0
1004,0.96196448802948,0,-18.305923461914062,0.0
1005,0.45378002524375916,1,-16.057680130004883,1.0
1006,0.21518099308013916,1,-16.567145347595215,1.0
1007,0.6390315890312195,1,-14.610175132751465,1.0
1008,1.0505229234695435,0,-17.957305908203125,0.0
1009,0.4966040253639221,1,-15.5758957862854,1.0
1010,0.7870214581489563,0,-15.4171781539917,0.0
1011,0.9924137592315674,0,-15.914636611938477,0.0
1012,1.1933107376098633,0,-14.426249504089355,0.0
1013,0.40997201204299927,1,-16.554754734039307,1.0
1014,0.8297881484031677,0,-17.067094802856445,0.0
1015,0.349595308303833,1,-15.287753582000732,1.0
1016,0.6371889710426331,1,-17.001028060913086,1.0
1017,1.1448450088500977,0,-17.42087745666504,0.0
1018,0.3696497976779938,1,-15.388534545898438,1.0
1019,0.8020110130310059,0,-16.581361770629883,0.0
1020,1.3600592613220215,0,-15.989831447601318,0.0
1021,2.089179754257202,0,-15.132703304290771,0.0
1022,0.7934228777885437,0,-15.241942405700684,0.0
1023,0.3124745488166809,1,-17.471162796020508,1.0
1024,0.7329724431037903,0,-17.123422622680664,0.0
1025,0.766975462436676,0,-16.01219129562378,0.0
1026,0.22286351025104523,1,-15.07513427734375,1.0
1027,0.6271225214004517,1,-17.200834274291992,1.0
1028,1.307555913925171,0,-16.66799783706665,0.0
1029,0.5148204565048218,1,-18.152441024780273,1.0
1030,0.9899572134017944,0,-15.276632308959961,0.0
1031,0.5112930536270142,1,-17.207168579101562,1.0
1032,1.0022752285003662,0,-18.18073272705078,0.0
1033,0.806867778301239,0,-16.394383430480957,0.0
1034,0.9643797874450684,0,-16.406099319458008,0.0
1035,0.8275874257087708,0,-17.48367691040039,0.0
1036,0.47333988547325134,1,-15.643983364105225,1.0
1037,0.5148204565048218,1,-16.64573860168457,1.0
1038,0.21236146986484528,1,-16.037761688232422,1.0
1039,0.37511488795280457,1,-15.419382095336914,1.0
1040,0.5623775124549866,1,-16.483585357666016,1.0
1041,0.44249358773231506,1,-16.7944278717041,1.0
1042,0.16760513186454773,1,-16.838539123535156,1.0
1043,0.7380577325820923,0,-16.282365798950195,0.0
1044,0.45235690474510193,1,-15.422683715820312,1.0
1045,0.7987834215164185,0,-17.602190017700195,0.0
1046,0.9255792498588562,0,-16.47861099243164,0.0
1047,1.4402480125427246,0,-16.007855892181396,0.0
1048,0.4152543544769287,1,-17.971542358398438,1.0
1049,0.6253045797348022,1,-19.37629508972168,1.0
1050,0.7208647131919861,0,-17.65578269958496,0.0
1051,0.7555258870124817,0,-14.577828407287598,0.0
1052,0.6699843406677246,1,-15.031532287597656,1.0
1053,0.5363758206367493,1,-17.314796447753906,1.0
1054,0.5498805046081543,1,-14.06335735321045,1.0
1055,0.26848071813583374,1,-16.395708084106445,1.0
1056,0.3359931409358978,1,-14.956130027770996,1.0
1057,0.3239179849624634,1,-15.575870037078857,1.0
1058,0.28792116045951843,1,-13.215914726257324,1.0
1059,0.5148204565048218,1,-17.13460350036621,1.0
1060,0.5335436463356018,1,-17.537752151489258,1.0
1061,0.41758254170417786,1,-18.471498489379883,1.0
1062,0.2685956358909607,1,-17.286399841308594,1.0
1063,0.7138652205467224,0,-17.249473571777344,0.0
1064,0.9954890012741089,0,-15.978146076202393,0.0
1065,0.821554958820343,0,-18.02214813232422,0.0
1066,0.6738066673278809,1,-14.787941932678223,1.0
1067,0.4685717225074768,1,-17.442798614501953,1.0
1068,1.231038212776184,0,-17.670774459838867,0.0
1069,0.4700349271297455,1,-18.661678314208984,1.0
1070,0.26527830958366394,1,-15.77298355102539,1.0
1071,1.3600590229034424,0,-18.638547897338867,0.0
1072,0.5691284537315369,1,-16.231712341308594,1.0
1073,0.7854263782501221,0,-18.354629516601562,0.0
1074,0.5171825289726257,1,-16.220442295074463,1.0
1075,0.4950766861438751,1,-19.528223037719727,1.0
1076,0.8133745789527893,0,-17.306127548217773,0.0
1077,0.9368218183517456,0,-19.000961303710938,0.0
1078,0.6298564672470093,1,-16.267587661743164,1.0
1079,0.8492041230201721,0,-17.996883392333984,0.0
1080,0.779596209526062,0,-16.625234603881836,0.0
1081,0.821554958820343,0,-17.212217330932617,0.0
1082,1.0097086429595947,0,-18.02170181274414,0.0
1083,1.0296863317489624,0,-15.411994934082031,0.0
1084,1.0511577129364014,0,-15.650524616241455,0.0
1085,0.44564512372016907,1,-16.751426696777344,1.0
1086,0.5175765752792358,1,-15.650903224945068,1.0
1087,0.7838335037231445,0,-16.850120544433594,0.0
1088,0.6501671075820923,1,-16.398555755615234,1.0
1089,0.31273677945137024,1,-19.596622467041016,1.0
1090,0.25741803646087646,1,-16.85120439529419,1.0
1091,0.6216800808906555,1,-18.216672897338867,1.0
1092,0.5691284537315369,1,-14.464096069335938,1.0
1093,0.8559268712997437,0,-16.23645782470703,0.0
1094,0.5035204887390137,1,-16.283215522766113,1.0
1095,1.2592014074325562,0,-18.787845611572266,0.0
1096,1.0703116655349731,0,-15.684051990509033,0.0
1097,0.8638125658035278,0,-17.266185760498047,0.0
1098,0.7000064849853516,0,-17.370712280273438,0.0
1099,0.5490548610687256,1,-17.483200073242188,1.0
1100,0.5888720750808716,1,-16.292760848999023,1.0
1101,0.6358094811439514,1,-17.268444061279297,1.0
1102,0.1797446459531784,1,-18.5494441986084,1.0
1103,0.5699765086174011,1,-18.458337783813477,1.0
1104,0.44529402256011963,1,-17.827350616455078,1.0
1105,2.0390894412994385,0,-18.414663314819336,0.0
1106,1.0587962865829468,0,-15.040931701660156,0.0
1107,0.707407534122467,0,-17.91167640686035,0.0
1108,0.34529614448547363,1,-16.518080234527588,1.0
1109,0.872312068939209,0,-17.312419891357422,0.0
1110,0.4733401834964752,1,-16.29826784133911,1.0
1111,0.8683391213417053,0,-14.103689193725586,0.0
1112,1.003511905670166,0,-15.194934844970703,0.0
1113,1.0903074741363525,0,-17.4361572265625,0.0
1114,1.138197898864746,0,-16.32288932800293,0.0
1115,0.7529398202896118,0,-17.8862361907959,0.0
1116,0.37572625279426575,1,-16.18486976623535,1.0
1117,0.5482301712036133,1,-15.11674976348877,1.0
1118,0.4897603690624237,1,-15.72249984741211,1.0
1119,0.37787216901779175,1,-16.686505794525146,1.0
1120,0.328265905380249,1,-19.388418197631836,1.0
1121,0.9899568557739258,0,-16.07252550125122,0.0
1122,1.4566845893859863,0,-18.553760528564453,0.0
1123,0.6002517342567444,1,-16.387664794921875,1.0
1124,0.7329724431037903,0,-17.936017990112305,0.0
1125,0.6709384322166443,1,-16.35567855834961,1.0
1126,0.9475483894348145,0,-17.64441680908203,0.0
1127,0.5231232643127441,1,-16.84697151184082,1.0
1128,1.0613492727279663,0,-15.448202133178711,0.0
1129,0.81500643491745,0,-18.43891143798828,0.0
1130,0.8888923525810242,0,-14.980119705200195,0.0
1131,0.792353630065918,0,-16.002304077148438,0.0
1132,0.6408779621124268,1,-15.483237266540527,1.0
1133,1.065825343132019,0,-17.14628028869629,0.0
1134,0.316162109375,1,-18.932411193847656,1.0
1135,1.3004422187805176,0,-16.755671501159668,0.0
1136,0.19315043091773987,1,-22.799999475479126,1.0
1137,0.31493350863456726,1,-21.49845862388611,1.0
1138,0.43243396282196045,1,-20.7796630859375,1.0
1139,0.3166685998439789,1,-21.80267357826233,1.0
1140,0.3155290484428406,1,-22.572168827056885,1.0
1141,0.2853659391403198,1,-22.0681095123291,1.0
1142,0.26126983761787415,1,-21.840641021728516,1.0
1143,0.23207324743270874,1,-23.421653985977173,1.0
1144,0.27617156505584717,1,-21.50046181678772,1.0
1145,0.053237732499837875,1,-9.537027359008789,1.0
1146,0.08377030491828918,1,-9.032450199127197,1.0
1147,0.10399771481752396,1,-8.929188013076782,1.0
1148,0.08729220181703568,1,-9.164776086807251,1.0
1149,0.09872718155384064,1,-9.36070203781128,1.0
1150,0.08160034567117691,1,-9.161492347717285,1.0
1151,0.07020052522420883,1,-9.191395044326782,1.0
1152,0.09441280364990234,1,-9.30570673942566,1.0
1153,0.07512667030096054,1,-9.21209716796875,1.0
1154,0.2453666776418686,1,-23.881067276000977,1.0
1155,0.6541552543640137,1,-21.53452491760254,1.0
1156,0.5343306660652161,1,-22.06433868408203,1.0
1157,0.557468593120575,1,-21.967885971069336,1.0
1158,0.792738676071167,1,-21.696687698364258,1.0
1159,0.47669070959091187,1,-23.435861587524414,1.0
1160,0.3890811800956726,1,-22.999387741088867,1.0
1161,0.23702852427959442,1,-24.540851593017578,1.0
1162,0.3283242881298065,1,-24.41244888305664,1.0
1163,0.13214808702468872,1,-9.92005467414856,1.0
1164,0.34047701954841614,1,-9.321329116821289,1.0
1165,0.2869453728199005,1,-9.629722595214844,1.0
1166,0.31116658449172974,1,-9.221904754638672,1.0
1167,0.37572625279426575,1,-9.668597221374512,1.0
1168,0.3049527704715729,1,-9.62030029296875,1.0
1169,0.19371111690998077,1,-9.646419525146484,1.0
1170,0.2383444905281067,1,-9.374314308166504,1.0
1171,0.16730396449565887,1,-10.484984397888184,1.0
1172,2.3192789554595947,0,-35.830678939819336,0.0
1173,1.4457813501358032,0,-38.964107513427734,0.0
1174,0.6020166277885437,1,-10.621267318725586,1.0
1175,0.7701181173324585,0,-16.758254051208496,0.0
1176,0.8650181889533997,1,-47.707509994506836,1.0
1177,0.9347208738327026,1,-41.969923973083496,1.0
1178,0.7493293285369873,0,-14.986385345458984,0.0
1179,0.53840571641922,1,-18.47200584411621,1.0
1180,1.0590742826461792,0,-36.25951862335205,0.75
1181,1.0316704511642456,1,-39.606234550476074,1.0
1182,1.2539619207382202,0,-10.958681106567383,0.0
1183,0.8660739660263062,0,-15.491172790527344,0.0
1184,0.9262123107910156,1,-39.15115451812744,1.0
1185,0.9197489023208618,1,-40.318063735961914,1.0
1186,1.0410223007202148,0,-10.611506462097168,0.0
1187,0.8063277006149292,0,-16.58153533935547,0.0
1188,2.332076072692871,0,-38.55484962463379,0.0
1189,1.6178895235061646,0,-41.37026786804199,0.0
1190,0.6418026089668274,1,-11.484808921813965,1.0
1191,0.7575989961624146,0,-16.092315673828125,0.0
1192,2.2610106468200684,0,-40.417269706726074,0.25
1193,1.6031155586242676,0,-43.78804016113281,0.0
1194,0.38312628865242004,1,-12.396012306213379,1.0
1195,0.6805325150489807,1,-17.848125457763672,1.0
1196,2.3933515548706055,0,-35.869099140167236,0.0
1197,1.7838609218597412,0,-41.96722984313965,0.0
1198,0.5708255767822266,1,-11.077366828918457,1.0
1199,0.6548471450805664,1,-16.028342723846436,1.0
1200,1.0166518688201904,1,-38.68808555603027,1.0
1201,0.9928963780403137,1,-42.26497936248779,1.0
1202,1.043550968170166,0,-11.633218765258789,0.0
1203,0.7848951816558838,0,-15.790643692016602,0.0
1204,1.355209469795227,0,-37.71394157409668,0.75
1205,1.009600043296814,1,-41.70911264419556,1.0
1206,1.2289648056030273,0,-11.542181015014648,0.0
1207,0.9777282476425171,0,-16.941938400268555,0.0
1208,0.9404833316802979,1,-36.05864715576172,1.0
1209,1.0127581357955933,1,-39.95541715621948,1.0
1210,0.9911849498748779,0,-10.875028610229492,0.0
1211,0.819368302822113,0,-15.015668869018555,0.0
1212,0.8861539363861084,1,-38.18062210083008,1.0
1213,1.0224131345748901,1,-41.665786266326904,1.0
1214,0.58453768491745,1,-11.740219116210938,1.0
1215,0.6567261815071106,1,-16.37946128845215,1.0
1216,0.8970156908035278,1,-63.35137176513672,1.0
1217,0.8567378520965576,1,-20.17444610595703,1.0
1218,0.567435085773468,1,-42.1687126159668,1.0
1219,0.6436547636985779,1,-41.271060943603516,1.0
1220,2.1143548488616943,0,-32.77559757232666,0.0
1221,1.0448999404907227,0,-21.042744636535645,0.0
1222,0.7218685150146484,0,-20.458755493164062,0.0
1223,0.65390944480896,1,-20.214548110961914,1.0
1224,0.623829185962677,1,-31.81813335418701,1.0
1225,1.0366768836975098,0,-21.050992965698242,0.0
1226,0.4530680179595947,1,-19.93882179260254,1.0
1227,0.4334885776042938,1,-20.965675354003906,1.0
1228,2.2124061584472656,0,-54.49886703491211,0.5
1229,1.0582830905914307,0,-20.972628593444824,0.0
1230,0.48674243688583374,1,-34.75901794433594,1.0
1231,0.6399543285369873,1,-33.70640563964844,1.0
1232,0.6462801694869995,1,-56.6844482421875,1.0
1233,1.1173573732376099,0,-20.92292594909668,0.0
1234,0.5050680041313171,1,-36.562862396240234,1.0
1235,0.4300636947154999,1,-35.37589073181152,1.0
1236,0.8241527676582336,1,-55.48423385620117,1.0
1237,1.0009926557540894,1,-20.858881950378418,1.0
1238,0.6738066673278809,1,-35.66018295288086,1.0
1239,0.6298564672470093,1,-32.35052490234375,1.0
1240,1.3392610549926758,0,-30.53236198425293,0.0
1241,1.0745494365692139,0,-20.72476816177368,0.0
1242,1.057521104812622,0,-18.93779945373535,0.0
1243,0.8570506572723389,0,-19.547237396240234,0.0
1244,1.652024745941162,0,-39.74900817871094,0.5
1245,1.0082027912139893,0,-20.958723545074463,0.0
1246,0.6117910742759705,1,-26.0772762298584,1.0
1247,0.6390315890312195,1,-25.0333251953125,1.0
1248,2.786283493041992,0,-48.002543449401855,0.0
1249,0.97780841588974,0,-20.585495948791504,0.0
1250,1.4150094985961914,0,-29.787595748901367,0.0
1251,1.3899741172790527,0,-30.380294799804688,0.0
1252,0.7341750860214233,1,-39.07396221160889,1.0
1253,1.1488319635391235,0,-21.077613830566406,0.0
1254,1.4032026529312134,0,-22.33411979675293,0.0
1255,1.151512861251831,0,-24.387733459472656,0.0
1256,1.9115430116653442,0,-57.44548797607422,0.0
1257,1.0350276231765747,0,-20.937475204467773,0.0
1258,0.9826091527938843,0,-36.23936080932617,0.0
1259,0.9238116145133972,0,-38.14618682861328,0.0
1260,1.5390177965164185,0,-44.582807540893555,0.5
1261,0.9936671853065491,1,-20.955466747283936,1.0
1262,0.3672420084476471,1,-27.76029396057129,1.0
1263,0.4609488248825073,1,-28.815149307250977,1.0
1264,2.960549831390381,0,-52.52970504760742,0.0
1265,1.0545368194580078,0,-20.929598331451416,0.0
1266,0.7659295797348022,0,-32.517459869384766,0.0
1267,0.8248419165611267,0,-33.80200958251953,0.0
1268,0.4722719192504883,1,-36.18068504333496,1.0
1269,0.9897099733352661,1,-20.513122081756592,1.0
1270,0.42870065569877625,1,-21.916908264160156,1.0
1271,0.5785089731216431,1,-21.7926025390625,1.0
1272,1.1124281883239746,0,-42.57756328582764,0.5
1273,1.1627709865570068,0,-21.30733013153076,0.0
1274,1.2014906406402588,0,-26.15770721435547,0.0
1275,1.2749853134155273,0,-27.463581085205078,0.0
1276,0.8089660406112671,1,-73.82595825195312,1.0
1277,0.8552519679069519,1,-20.266945838928223,1.0
1278,0.4939337372779846,1,-48.3588752746582,1.0
1279,0.579367458820343,1,-46.57723617553711,1.0
1280,2.858388900756836,0,-34.970274925231934,0.0
1281,1.063704252243042,0,-21.33625555038452,0.0
1282,1.2609503269195557,0,-20.56886863708496,0.0
1283,1.0066075325012207,0,-22.50605583190918,0.0
1284,1.9833687543869019,0,-29.798958778381348,0.0
1285,0.8814205527305603,1,-20.774953365325928,1.0
1286,1.083188772201538,0,-18.15463638305664,0.0
1287,0.910912036895752,0,-20.78306007385254,0.0
1288,0.31357404589653015,1,-20.226455688476562,1.0
1289,1.0463347434997559,0,-20.6680850982666,0.0
1290,1.0974522829055786,0,-9.103851795196533,0.0
1291,0.5215339660644531,1,-17.006467819213867,1.0
1292,0.3909778296947479,1,-19.11580467224121,1.0
1293,1.0236201286315918,0,-20.53474235534668,0.0
1294,0.8820079565048218,0,-9.769042015075684,0.0
1295,0.6216800808906555,1,-15.26870346069336,1.0
1296,0.3979090452194214,1,-19.95981788635254,1.0
1297,1.008166790008545,1,-19.765305519104004,1.0
1298,1.1824493408203125,0,-9.207619667053223,0.0
1299,0.7764281630516052,0,-14.526857376098633,0.0
1300,0.46861112117767334,1,-19.798752307891846,1.0
1301,1.1968233585357666,0,-20.16895294189453,0.0
1302,0.8660739660263062,0,-9.983953475952148,0.0
1303,0.8237453103065491,0,-14.753266334533691,0.0
1304,2.137491464614868,0,-23.699602603912354,0.0
1305,0.77204829454422,1,-20.67014217376709,1.0
1306,0.39191049337387085,1,-11.35212230682373,1.0
1307,0.6362690329551697,1,-16.66399574279785,1.0
1308,0.32316848635673523,1,-24.914306640625,1.0
1309,0.948745846748352,1,-20.822246074676514,1.0
1310,0.7350037097930908,0,-12.272712707519531,0.0
1311,0.3970034718513489,1,-18.442615509033203,1.0
1312,0.38601192831993103,1,-19.453508853912354,1.0
1313,1.0918776988983154,0,-20.103073120117188,0.0
1314,0.9571446180343628,0,-9.771830558776855,0.0
1315,0.7912850379943848,0,-16.098263263702393,0.0
1316,0.43187204003334045,1,-18.452061653137207,1.0
1317,1.1680903434753418,0,-20.032899856567383,0.0
1318,1.3826500177383423,0,-8.600275754928589,0.0
1319,1.0159274339675903,0,-13.96882152557373,0.0
1320,0.41412004828453064,1,-21.068039894104004,1.0
1321,1.0783555507659912,0,-20.97423267364502,0.0
1322,1.0664656162261963,0,-10.4981050491333,0.0
1323,0.8981232643127441,0,-16.922067642211914,0.0
1324,0.44973787665367126,1,-20.81653118133545,1.0
1325,1.0133390426635742,0,-20.04079532623291,0.0
1326,1.1421834230422974,0,-10.037664890289307,0.0
1327,0.8615548610687256,0,-15.055517196655273,0.0
1328,0.5568708777427673,1,-20.840965270996094,1.0
1329,1.020272970199585,0,-19.883626461029053,0.0
1330,0.9308944940567017,0,-10.300154685974121,0.0
1331,0.9027608633041382,0,-15.07094669342041,0.0
1332,0.4991052448749542,1,-21.581406593322754,1.0
1333,1.0990657806396484,0,-19.769420623779297,0.0
1334,1.0284308195114136,0,-10.608649730682373,0.0
1335,0.6661772131919861,1,-16.77549934387207,1.0
1336,0.364149808883667,1,-22.066829681396484,1.0
1337,1.0498924255371094,0,-20.058435440063477,0.0
1338,1.0639058351516724,0,-10.580083847045898,0.0
1339,0.6834292411804199,1,-16.325084686279297,1.0
1340,0.49124133586883545,1,-23.476340293884277,1.0
1341,1.1195387840270996,0,-20.14718008041382,0.0
1342,0.8797205686569214,0,-12.176507949829102,0.0
1343,0.8063277006149292,0,-16.578807830810547,0.0
1344,0.34965288639068604,1,-22.403815269470215,1.0
1345,1.0175139904022217,0,-20.315072059631348,0.0
1346,1.0309423208236694,0,-9.905614852905273,0.0
1347,0.7659295797348022,0,-17.00881576538086,0.0
1348,0.4600718021392822,1,-22.86610984802246,1.0
1349,1.1288721561431885,0,-19.833649158477783,0.0
1350,0.9332626461982727,0,-12.627726554870605,0.0
1351,0.8480868935585022,0,-16.848358154296875,0.0
1352,0.357887864112854,1,-22.57093620300293,1.0
1353,1.1584672927856445,0,-20.57942295074463,0.0
1354,0.8020110130310059,0,-11.367242813110352,0.0
1355,0.7228731513023376,0,-16.616384506225586,0.0
1356,0.37537693977355957,1,-21.868178367614746,1.0
1357,1.0266209840774536,0,-20.009645462036133,0.0
1358,1.2179369926452637,0,-10.448713302612305,0.0
1359,1.1342196464538574,0,-14.968568801879883,0.0
1360,0.4191763997077942,1,-22.011707305908203,1.0
1361,1.0419416427612305,0,-20.029751300811768,0.0
1362,1.3855774402618408,0,-10.459541320800781,0.0
1363,1.07673978805542,0,-14.749553680419922,0.0
1364,2.8425545692443848,0,-28.162964820861816,0.0
1365,0.9501797556877136,1,-19.594225883483887,1.0
1366,0.3684443235397339,1,-14.742528915405273,1.0
1367,0.5725264549255371,1,-18.26803970336914,1.0
1368,0.2972247004508972,1,-22.507055282592773,1.0
1369,1.024672031402588,0,-19.886271953582764,0.0
1370,1.0613492727279663,0,-10.49318790435791,0.0
1371,0.6198736429214478,1,-15.583127975463867,1.0
1372,2.079108476638794,0,-60.53078651428223,0.5
1373,1.2750327587127686,0,-23.50971508026123,0.0
1374,0.963171660900116,0,-39.652366638183594,0.0
1375,1.1582012176513672,0,-38.14623260498047,0.0
1376,0.3105088472366333,1,-36.710784912109375,1.0
1377,0.5930458903312683,1,-21.656984329223633,1.0
1378,0.4086597263813019,1,-21.82540512084961,1.0
1379,0.31536877155303955,1,-25.392791748046875,1.0
1380,0.34632858633995056,1,-34.977593421936035,1.0
1381,0.6321159601211548,1,-24.0638370513916,1.0
1382,0.28115010261535645,1,-22.261884689331055,1.0
1383,0.26210927963256836,1,-21.865127563476562,1.0
1384,2.3945112228393555,0,-36.516109466552734,0.0
1385,1.141406774520874,0,-22.24945640563965,0.0
1386,0.9704338312149048,0,-22.423049926757812,0.0
1387,0.8503222465515137,0,-21.729496002197266,0.0
1388,2.3374714851379395,0,-65.4576187133789,0.0
1389,1.1414649486541748,0,-22.98364543914795,0.0
1390,0.8694730997085571,0,-41.43672180175781,0.0
1391,0.8998606204986572,0,-40.07402038574219,0.0
1392,1.6613012552261353,0,-45.97526931762695,0.0
1393,1.2071928977966309,0,-22.77774715423584,0.0
1394,0.8548040390014648,0,-28.663471221923828,0.0
1395,0.9595527648925781,0,-26.35723876953125,0.0
1396,0.3639805018901825,1,-39.02322483062744,1.0
1397,0.6342363357543945,1,-23.288960456848145,1.0
1398,0.4145910143852234,1,-23.964082717895508,1.0
1399,0.3672420084476471,1,-23.355058670043945,1.0
1400,0.28675782680511475,1,-43.15631294250488,1.0
1401,0.6525866985321045,1,-24.29381275177002,1.0
1402,0.3271743059158325,1,-26.04530143737793,1.0
1403,0.298845499753952,1,-26.500837326049805,1.0
1404,0.5829073786735535,1,-46.61931037902832,1.0
1405,0.5910335183143616,1,-22.765116691589355,1.0
1406,0.5004374384880066,1,-29.72882080078125,1.0
1407,0.5066187977790833,1,-30.178964614868164,1.0
1408,2.2567079067230225,0,-43.90556240081787,0.0
1409,1.0388134717941284,0,-21.545362949371338,0.0
1410,0.9303029179573059,0,-27.436738967895508,0.0
1411,0.978947103023529,0,-25.637676239013672,0.0
1412,1.079166293144226,0,-30.74539089202881,0.5
1413,0.7083100080490112,1,-22.411423683166504,1.0
1414,1.142183780670166,0,-18.97441291809082,0.0
1415,1.0613492727279663,0,-20.28219223022461,0.0
1416,0.6383457779884338,1,-56.52415084838867,1.0
1417,0.677578330039978,1,-22.633895874023438,1.0
1418,0.7188600897789001,0,-36.65757751464844,0.0
1419,0.7319582104682922,0,-33.001888275146484,0.0
1420,1.1778249740600586,0,-49.14523124694824,0.5
1421,0.7618380188941956,1,-22.968131065368652,1.0
1422,0.6060014367103577,1,-32.661598205566406,1.0
1423,0.5854026675224304,1,-33.09294128417969,1.0
1424,2.8242130279541016,0,-36.90485382080078,0.0
1425,1.2335195541381836,0,-22.41029453277588,0.0
1426,1.3709683418273926,0,-22.829492568969727,0.0
1427,1.589514970779419,0,-24.568252563476562,0.0
1428,1.2608474493026733,0,-31.65110206604004,0.5
1429,0.9364889860153198,0,-21.173861503601074,0.0
1430,0.8638125658035278,0,-20.93842124938965,0.0
1431,0.907413125038147,0,-20.02334976196289,0.0
1432,1.6290781497955322,0,-29.86224365234375,0.0
1433,1.190779209136963,0,-22.812589645385742,0.0
1434,0.825938880443573,0,-18.873616218566895,0.0
1435,0.6814970970153809,1,-18.706993103027344,1.0
1436,1.6554467678070068,0,-31.693257331848145,0.0
1437,1.146308422088623,0,-22.40622329711914,0.0
1438,0.6180707812309265,1,-19.14177131652832,1.0
1439,0.6548474431037903,1,-20.032703399658203,1.0
1440,2.3927462100982666,0,-30.614627838134766,0.0
1441,1.2621841430664062,0,-22.414292335510254,0.0
1442,1.282031774520874,0,-18.250736236572266,0.0
1443,1.1608824729919434,0,-18.20001983642578,0.0
1444,0.6691011190414429,1,-59.5167350769043,1.0
1445,0.5753334164619446,1,-22.64972972869873,1.0
1446,0.5058428645133972,1,-38.5633430480957,1.0
1447,0.4973686933517456,1,-39.02967071533203,1.0
1448,2.334754705429077,0,-34.71066188812256,0.0
1449,1.1197082996368408,0,-22.34790325164795,0.0
1450,0.9535393118858337,0,-21.302997589111328,0.0
1451,1.057521104812622,0,-23.417247772216797,0.0
1452,0.369028776884079,1,-56.422245025634766,1.0
1453,0.580219566822052,1,-23.797119140625,1.0
1454,0.48900455236434937,1,-35.24013900756836,1.0
1455,0.5183664560317993,1,-35.0393180847168,1.0
1456,0.464440256357193,1,-45.83865547180176,1.0
1457,0.6561971306800842,1,-23.053393363952637,1.0
1458,0.46966883540153503,1,-29.251991271972656,1.0
1459,0.5012069940567017,1,-28.071266174316406,1.0
1460,0.8040942549705505,1,-37.30244827270508,1.0
1461,0.6024585962295532,1,-22.92674732208252,1.0
1462,0.8117448091506958,0,-23.19501495361328,0.0
1463,0.8052470684051514,0,-22.463308334350586,0.0
1464,0.556613564491272,1,-30.863097190856934,1.0
1465,0.6937432885169983,1,-22.181903839111328,1.0
1466,0.5073955655097961,1,-18.988656997680664,1.0
1467,0.5375930666923523,1,-19.52892303466797,1.0
1468,1.6016510725021362,0,-37.25481414794922,0.0
1469,1.210457444190979,0,-22.263949871063232,0.0
1470,0.575939416885376,1,-22.877174377441406,1.0
1471,0.6483017206192017,1,-25.840063095092773,1.0
1472,0.23862707614898682,1,-26.895495891571045,1.0
1473,0.689760148525238,1,-22.51365089416504,1.0
1474,0.2918531596660614,1,-15.440975189208984,1.0
1475,0.28939056396484375,1,-17.477198600769043,1.0
